presc_id,presc_ref_pat,presc_code,presc_days
1,2.75897E+12,1,2
2,1.98524E+12,2,4
3,1.85246E+12,1,10
4,2.36599E+12,4,5
5,1.25699E+12,4,5
6,2.75897E+12,1,2
